seed,return,final_value
42,154.528075,2545280.75
123,128.352625,2283526.25
7,174.0948,2740948.0
